path	@id	schema
/id	@id	/github/workspace/build/annotated/implementation-profile/geometry-extent/schema.yaml
/type	@type	/github/workspace/build/annotated/implementation-profile/geometry-extent/schema.yaml
/prefLabel	http://www.w3.org/2004/02/skos/core#prefLabel	/github/workspace/build/annotated/implementation-profile/geometry-extent/schema.yaml
/definition	http://www.w3.org/2004/02/skos/core#definition	https://geolabs.github.io/bblocks-generic-profiles/build/annotated/implementation-profile/schema.yaml
/inScheme	http://www.w3.org/2004/02/skos/core#inScheme	https://geolabs.github.io/bblocks-generic-profiles/build/annotated/implementation-profile/schema.yaml
/status	https://geolabs.github.io/bblocks-generic-profiles/def/status	https://geolabs.github.io/bblocks-generic-profiles/build/annotated/implementation-profile/schema.yaml
/refinesGenericProfile	https://geolabs.github.io/bblocks-generic-profiles/def/refinesGenericProfile	/github/workspace/build/annotated/implementation-profile/geometry-extent/schema.yaml
/keywords	https://w3id.org/ogc/api/processes/keywords	/github/workspace/build/annotated/implementation-profile/geometry-extent/schema.yaml
/metadata	https://w3id.org/ogc/api/processes/metadata	/github/workspace/build/annotated/implementation-profile/geometry-extent/schema.yaml
/metadata/role		https://geolabs.github.io/bblocks-generic-profiles/build/annotated/implementation-profile/schema.yaml
/metadata/href		https://geolabs.github.io/bblocks-ogcapi-processes/build/annotated/api/processes/v1/schemas/metadata/schema.yaml
/metadata/title		https://geolabs.github.io/bblocks-ogcapi-processes/build/annotated/api/processes/v1/schemas/metadata/schema.yaml
/inputs	https://geolabs.github.io/bblocks-generic-profiles/def/inputs	/github/workspace/build/annotated/implementation-profile/geometry-extent/schema.yaml
/inputs/id	@id	https://geolabs.github.io/bblocks-generic-profiles/build/annotated/implementation-profile/schema.yaml
/inputs/schema	https://w3id.org/ogc/api/processes/schema	https://geolabs.github.io/bblocks-generic-profiles/build/annotated/implementation-profile/schema.yaml
/inputs/maxOccurs	https://w3id.org/ogc/api/processes/maxOccurs	https://geolabs.github.io/bblocks-generic-profiles/build/annotated/implementation-profile/schema.yaml
/inputs/keywords	https://w3id.org/ogc/api/processes/keywords	https://geolabs.github.io/bblocks-generic-profiles/build/annotated/implementation-profile/schema.yaml
/inputs/metadata	https://w3id.org/ogc/api/processes/metadata	https://geolabs.github.io/bblocks-generic-profiles/build/annotated/implementation-profile/schema.yaml
/inputs/metadata/role	https://w3id.org/ogc/api/processes/role	https://geolabs.github.io/bblocks-generic-profiles/build/annotated/implementation-profile/schema.yaml
/outputs	https://geolabs.github.io/bblocks-generic-profiles/def/outputs	/github/workspace/build/annotated/implementation-profile/geometry-extent/schema.yaml
/outputs/id	@id	https://geolabs.github.io/bblocks-generic-profiles/build/annotated/implementation-profile/schema.yaml
/outputs/schema	https://w3id.org/ogc/api/processes/schema	https://geolabs.github.io/bblocks-generic-profiles/build/annotated/implementation-profile/schema.yaml
/outputs/keywords	https://w3id.org/ogc/api/processes/keywords	https://geolabs.github.io/bblocks-generic-profiles/build/annotated/implementation-profile/schema.yaml
/outputs/metadata	https://w3id.org/ogc/api/processes/metadata	https://geolabs.github.io/bblocks-generic-profiles/build/annotated/implementation-profile/schema.yaml
/outputs/metadata/role	https://w3id.org/ogc/api/processes/role	https://geolabs.github.io/bblocks-generic-profiles/build/annotated/implementation-profile/schema.yaml
/source	http://purl.org/dc/terms/source	https://geolabs.github.io/bblocks-generic-profiles/build/annotated/implementation-profile/schema.yaml
/source/title	http://purl.org/dc/terms/title	https://geolabs.github.io/bblocks-generic-profiles/build/annotated/implementation-profile/schema.yaml
/source/link	http://purl.org/dc/terms/references	https://geolabs.github.io/bblocks-generic-profiles/build/annotated/implementation-profile/schema.yaml
/inputs/geometry		/github/workspace/build/annotated/implementation-profile/geometry-extent/schema.yaml
/inputs/geometry/keywords	https://w3id.org/ogc/api/processes/keywords	/github/workspace/build/annotated/implementation-profile/geometry-extent/schema.yaml
/inputs/geometry/metadata	https://w3id.org/ogc/api/processes/metadata	/github/workspace/build/annotated/implementation-profile/geometry-extent/schema.yaml
/inputs/geometry/metadata/role		/github/workspace/build/annotated/implementation-profile/geometry-extent/schema.yaml
/inputs/geometry/metadata/href		/github/workspace/build/annotated/implementation-profile/geometry-extent/schema.yaml
/inputs/geometry/maxOccurs	https://w3id.org/ogc/api/processes/maxOccurs	/github/workspace/build/annotated/implementation-profile/geometry-extent/schema.yaml
/outputs/result		/github/workspace/build/annotated/implementation-profile/geometry-extent/schema.yaml
/outputs/result/keywords	https://w3id.org/ogc/api/processes/keywords	/github/workspace/build/annotated/implementation-profile/geometry-extent/schema.yaml
/outputs/result/metadata	https://w3id.org/ogc/api/processes/metadata	/github/workspace/build/annotated/implementation-profile/geometry-extent/schema.yaml
/outputs/result/metadata/role		/github/workspace/build/annotated/implementation-profile/geometry-extent/schema.yaml
/outputs/result/metadata/href		/github/workspace/build/annotated/implementation-profile/geometry-extent/schema.yaml
/inputs/geometry/id	@id	/github/workspace/build/annotated/implementation-profile/geometry-extent/schema.yaml
/outputs/result/id	@id	/github/workspace/build/annotated/implementation-profile/geometry-extent/schema.yaml
